VarID	AF_AFR	AF_AMR	AF_EAS	AF_EUR	AF_SAS	ALT_AFR	ALT_AMR	ALT_EAS	ALT_EUR	ALT_SAS	REF_AFR	REF_AMR	REF_EAS	REF_EUR	REF_SAS	ALLELES_AFR	ALLELES_AMR	ALLELES_EAS	ALLELES_EUR	ALLELES_SAS	N_AFR	N_AMR	N_EAS	N_EUR	N_SAS	AF_nonAFR	DeltaAF	is_AFR_enriched	is_AFR_private
._A	1	1	1	1	0.9989775051124744	1322	694	1008	1006	977	0	0	0	0	1	1322	694	1008	1006	978	661	347	504	503	489	0.9997443762781186	2.556237218813706e-4	FALSE	FALSE
._A_1	1	1	1	1	0.9989775051124744	1322	694	1008	1006	977	0	0	0	0	1	1322	694	1008	1006	978	661	347	504	503	489	0.9997443762781186	2.556237218813706e-4	FALSE	FALSE
._A_10	1	1	0.9990079365079365	1	1	1322	694	1007	1006	978	0	0	1	0	0	1322	694	1008	1006	978	661	347	504	503	489	0.9997519841269842	2.480158730158166e-4	FALSE	FALSE
._A_11	1	1	1	0.9990059642147118	1	1322	694	1008	1005	978	0	0	0	1	0	1322	694	1008	1006	978	661	347	504	503	489	0.999751491053678	2.485089463220014e-4	FALSE	FALSE
._A_12	1	1	1	1	0.9989775051124744	1322	694	1008	1006	977	0	0	0	0	1	1322	694	1008	1006	978	661	347	504	503	489	0.9997443762781186	2.556237218813706e-4	FALSE	FALSE
._A_13	1	0.9985590778097982	1	1	1	1322	693	1008	1006	978	0	1	0	0	0	1322	694	1008	1006	978	661	347	504	503	489	0.9996397694524496	3.6023054755041084e-4	FALSE	FALSE
._A_14	0.9992435703479576	1	1	1	1	1321	694	1008	1006	978	1	0	0	0	0	1322	694	1008	1006	978	661	347	504	503	489	1	-7.564296520423675e-4	FALSE	FALSE
._A_15	1	1	1	1	0.9989775051124744	1322	694	1008	1006	977	0	0	0	0	1	1322	694	1008	1006	978	661	347	504	503	489	0.9997443762781186	2.556237218813706e-4	FALSE	FALSE
._A_16	0.9992435703479576	1	0.9930555555555556	0.9980119284294234	0.9948875255623721	1321	694	1001	1004	973	1	0	7	2	5	1322	694	1008	1006	978	661	347	504	503	489	0.9964887523868378	0.002754817961119871	FALSE	FALSE
._A_17	0.9992435703479576	1	1	1	1	1321	694	1008	1006	978	1	0	0	0	0	1322	694	1008	1006	978	661	347	504	503	489	1	-7.564296520423675e-4	FALSE	FALSE
._A_18	1	1	1	0.9980119284294234	1	1322	694	1008	1004	978	0	0	0	2	0	1322	694	1008	1006	978	661	347	504	503	489	0.9995029821073559	4.970178926441138e-4	FALSE	FALSE
._A_19	0.9992435703479576	1	1	1	1	1321	694	1008	1006	978	1	0	0	0	0	1322	694	1008	1006	978	661	347	504	503	489	1	-7.564296520423675e-4	FALSE	FALSE
._A_2	1	1	1	1	0.9989775051124744	1322	694	1008	1006	977	0	0	0	0	1	1322	694	1008	1006	978	661	347	504	503	489	0.9997443762781186	2.556237218813706e-4	FALSE	FALSE
._A_20	0.9992435703479576	1	1	1	1	1321	694	1008	1006	978	1	0	0	0	0	1322	694	1008	1006	978	661	347	504	503	489	1	-7.564296520423675e-4	FALSE	FALSE
._A_21	0.9992435703479576	1	1	1	1	1321	694	1008	1006	978	1	0	0	0	0	1322	694	1008	1006	978	661	347	504	503	489	1	-7.564296520423675e-4	FALSE	FALSE
._A_22	1	1	1	1	0.9989775051124744	1322	694	1008	1006	977	0	0	0	0	1	1322	694	1008	1006	978	661	347	504	503	489	0.9997443762781186	2.556237218813706e-4	FALSE	FALSE
._A_23	1	1	1	0.9930417495029821	0.9887525562372188	1322	694	1008	999	967	0	0	0	7	11	1322	694	1008	1006	978	661	347	504	503	489	0.9954485764350502	0.0045514235649497525	FALSE	FALSE
._A_24	0.9984871406959153	1	1	1	1	1320	694	1008	1006	978	2	0	0	0	0	1322	694	1008	1006	978	661	347	504	503	489	1	-0.001512859304084735	FALSE	FALSE
._A_25	1	1	0.996031746031746	1	1	1322	694	1004	1006	978	0	0	4	0	0	1322	694	1008	1006	978	661	347	504	503	489	0.9990079365079365	9.920634920634885e-4	FALSE	FALSE
._A_26	1	1	0.9990079365079365	1	1	1322	694	1007	1006	978	0	0	1	0	0	1322	694	1008	1006	978	661	347	504	503	489	0.9997519841269842	2.480158730158166e-4	FALSE	FALSE
._A_27	1	0.9985590778097982	1	1	1	1322	693	1008	1006	978	0	1	0	0	0	1322	694	1008	1006	978	661	347	504	503	489	0.9996397694524496	3.6023054755041084e-4	FALSE	FALSE
._A_28	1	1	0.9990079365079365	1	1	1322	694	1007	1006	978	0	0	1	0	0	1322	694	1008	1006	978	661	347	504	503	489	0.9997519841269842	2.480158730158166e-4	FALSE	FALSE
._A_29	0.9992435703479576	1	1	1	1	1321	694	1008	1006	978	1	0	0	0	0	1322	694	1008	1006	978	661	347	504	503	489	1	-7.564296520423675e-4	FALSE	FALSE
._A_3	1	1	0.9990079365079365	1	1	1322	694	1007	1006	978	0	0	1	0	0	1322	694	1008	1006	978	661	347	504	503	489	0.9997519841269842	2.480158730158166e-4	FALSE	FALSE
._A_30	0.829803328290469	0.7853025936599424	0.8065476190476191	0.6769383697813122	0.5245398773006135	1097	545	813	681	513	225	149	195	325	465	1322	694	1008	1006	978	661	347	504	503	489	0.6983321149473718	0.1314712133430972	TRUE	FALSE
._A_31	1	1	1	0.9990059642147118	1	1322	694	1008	1005	978	0	0	0	1	0	1322	694	1008	1006	978	661	347	504	503	489	0.999751491053678	2.485089463220014e-4	FALSE	FALSE
._A_32	0.9984871406959153	1	1	1	1	1320	694	1008	1006	978	2	0	0	0	0	1322	694	1008	1006	978	661	347	504	503	489	1	-0.001512859304084735	FALSE	FALSE
._A_33	1	1	0.9950396825396826	1	1	1322	694	1003	1006	978	0	0	5	0	0	1322	694	1008	1006	978	661	347	504	503	489	0.9987599206349207	0.0012400793650793052	FALSE	FALSE
._A_34	1	1	0.9990079365079365	1	1	1322	694	1007	1006	978	0	0	1	0	0	1322	694	1008	1006	978	661	347	504	503	489	0.9997519841269842	2.480158730158166e-4	FALSE	FALSE
._A_4	1	1	1	0.9990059642147118	1	1322	694	1008	1005	978	0	0	0	1	0	1322	694	1008	1006	978	661	347	504	503	489	0.999751491053678	2.485089463220014e-4	FALSE	FALSE
._A_5	0.9992435703479576	1	1	1	1	1321	694	1008	1006	978	1	0	0	0	0	1322	694	1008	1006	978	661	347	504	503	489	1	-7.564296520423675e-4	FALSE	FALSE
._A_6	0.9992435703479576	1	1	1	1	1321	694	1008	1006	978	1	0	0	0	0	1322	694	1008	1006	978	661	347	504	503	489	1	-7.564296520423675e-4	FALSE	FALSE
._A_7	0.9984871406959153	0.9985590778097982	1	1	1	1320	693	1008	1006	978	2	1	0	0	0	1322	694	1008	1006	978	661	347	504	503	489	0.9996397694524496	-0.001152628756534324	FALSE	FALSE
._A_8	1	1	1	1	0.9989775051124744	1322	694	1008	1006	977	0	0	0	0	1	1322	694	1008	1006	978	661	347	504	503	489	0.9997443762781186	2.556237218813706e-4	FALSE	FALSE
._A_9	0.9992435703479576	1	1	1	1	1321	694	1008	1006	978	1	0	0	0	0	1322	694	1008	1006	978	661	347	504	503	489	1	-7.564296520423675e-4	FALSE	FALSE
._C	1	1	0.9990079365079365	1	1	1322	694	1007	1006	978	0	0	1	0	0	1322	694	1008	1006	978	661	347	504	503	489	0.9997519841269842	2.480158730158166e-4	FALSE	FALSE
._C_1	1	1	1	0.9990059642147118	1	1322	694	1008	1005	978	0	0	0	1	0	1322	694	1008	1006	978	661	347	504	503	489	0.999751491053678	2.485089463220014e-4	FALSE	FALSE
._C_10	1	1	1	1	0.9989775051124744	1322	694	1008	1006	977	0	0	0	0	1	1322	694	1008	1006	978	661	347	504	503	489	0.9997443762781186	2.556237218813706e-4	FALSE	FALSE
._C_11	0.9992435703479576	1	1	1	1	1321	694	1008	1006	978	1	0	0	0	0	1322	694	1008	1006	978	661	347	504	503	489	1	-7.564296520423675e-4	FALSE	FALSE
._C_12	1	1	0.9990079365079365	1	1	1322	694	1007	1006	978	0	0	1	0	0	1322	694	1008	1006	978	661	347	504	503	489	0.9997519841269842	2.480158730158166e-4	FALSE	FALSE
._C_13	1	0.9985590778097982	1	1	0.9989775051124744	1322	693	1008	1006	977	0	1	0	0	1	1322	694	1008	1006	978	661	347	504	503	489	0.9993841457305681	6.158542694318925e-4	FALSE	FALSE
._C_14	0.983358547655068	0.9985590778097982	1	1	1	1300	693	1008	1006	978	22	1	0	0	0	1322	694	1008	1006	978	661	347	504	503	489	0.9996397694524496	-0.016281221797381562	FALSE	FALSE
._C_15	1	1	1	1	0.9938650306748467	1322	694	1008	1006	972	0	0	0	0	6	1322	694	1008	1006	978	661	347	504	503	489	0.9984662576687117	0.0015337423312883347	FALSE	FALSE
._C_16	1	1	0.9990079365079365	1	1	1322	694	1007	1006	978	0	0	1	0	0	1322	694	1008	1006	978	661	347	504	503	489	0.9997519841269842	2.480158730158166e-4	FALSE	FALSE
._C_17	1	1	1	0.9980119284294234	1	1322	694	1008	1004	978	0	0	0	2	0	1322	694	1008	1006	978	661	347	504	503	489	0.9995029821073559	4.970178926441138e-4	FALSE	FALSE
._C_18	1	1	0.998015873015873	1	1	1322	694	1006	1006	978	0	0	2	0	0	1322	694	1008	1006	978	661	347	504	503	489	0.9995039682539683	4.960317460317443e-4	FALSE	FALSE
._C_19	0.9992435703479576	1	1	1	1	1321	694	1008	1006	978	1	0	0	0	0	1322	694	1008	1006	978	661	347	504	503	489	1	-7.564296520423675e-4	FALSE	FALSE
._C_2	1	1	0.9990079365079365	1	1	1322	694	1007	1006	978	0	0	1	0	0	1322	694	1008	1006	978	661	347	504	503	489	0.9997519841269842	2.480158730158166e-4	FALSE	FALSE
._C_20	1	0.9985590778097982	1	1	1	1322	693	1008	1006	978	0	1	0	0	0	1322	694	1008	1006	978	661	347	504	503	489	0.9996397694524496	3.6023054755041084e-4	FALSE	FALSE
._C_21	1	1	0.9990079365079365	1	1	1322	694	1007	1006	978	0	0	1	0	0	1322	694	1008	1006	978	661	347	504	503	489	0.9997519841269842	2.480158730158166e-4	FALSE	FALSE
._C_22	0.9992435703479576	1	1	1	1	1321	694	1008	1006	978	1	0	0	0	0	1322	694	1008	1006	978	661	347	504	503	489	1	-7.564296520423675e-4	FALSE	FALSE
._C_23	1	1	0.998015873015873	1	1	1322	694	1006	1006	978	0	0	2	0	0	1322	694	1008	1006	978	661	347	504	503	489	0.9995039682539683	4.960317460317443e-4	FALSE	FALSE
._C_24	1	1	0.9990079365079365	1	1	1322	694	1007	1006	978	0	0	1	0	0	1322	694	1008	1006	978	661	347	504	503	489	0.9997519841269842	2.480158730158166e-4	FALSE	FALSE
._C_25	1	1	1	1	0.9989775051124744	1322	694	1008	1006	977	0	0	0	0	1	1322	694	1008	1006	978	661	347	504	503	489	0.9997443762781186	2.556237218813706e-4	FALSE	FALSE
._C_26	0.9992435703479576	1	1	1	1	1321	694	1008	1006	978	1	0	0	0	0	1322	694	1008	1006	978	661	347	504	503	489	1	-7.564296520423675e-4	FALSE	FALSE
._C_27	1	0.9913544668587896	0.9970238095238095	0.9880715705765407	0.9979550102249489	1322	688	1005	994	976	0	6	3	12	2	1322	694	1008	1006	978	661	347	504	503	489	0.9936012142960222	0.006398785703977783	FALSE	FALSE
._C_28	0.9750378214826021	1	1	0.9990059642147118	1	1289	694	1008	1005	978	33	0	0	1	0	1322	694	1008	1006	978	661	347	504	503	489	0.999751491053678	-0.024713669571075902	FALSE	FALSE
._C_29	1	1	1	1	0.9989775051124744	1322	694	1008	1006	977	0	0	0	0	1	1322	694	1008	1006	978	661	347	504	503	489	0.9997443762781186	2.556237218813706e-4	FALSE	FALSE
._C_3	0.9863842662632375	0.9985590778097982	1	1	1	1304	693	1008	1006	978	18	1	0	0	0	1322	694	1008	1006	978	661	347	504	503	489	0.9996397694524496	-0.013255503189212092	FALSE	FALSE
._C_30	1	1	0.9990079365079365	0.9990059642147118	1	1322	694	1007	1005	978	0	0	1	1	0	1322	694	1008	1006	978	661	347	504	503	489	0.9995034751806621	4.96524819337929e-4	FALSE	FALSE
._C_31	1	1	0.9990079365079365	1	1	1322	694	1007	1006	978	0	0	1	0	0	1322	694	1008	1006	978	661	347	504	503	489	0.9997519841269842	2.480158730158166e-4	FALSE	FALSE
._C_32	1	1	1	0.9990059642147118	1	1322	694	1008	1005	978	0	0	0	1	0	1322	694	1008	1006	978	661	347	504	503	489	0.999751491053678	2.485089463220014e-4	FALSE	FALSE
._C_33	1	0.9971181556195965	1	1	1	1322	692	1008	1006	978	0	2	0	0	0	1322	694	1008	1006	978	661	347	504	503	489	0.9992795389048992	7.204610951008217e-4	FALSE	FALSE
._C_34	1	1	1	1	0.9989775051124744	1322	694	1008	1006	977	0	0	0	0	1	1322	694	1008	1006	978	661	347	504	503	489	0.9997443762781186	2.556237218813706e-4	FALSE	FALSE
._C_35	0.9992435703479576	1	1	1	1	1321	694	1008	1006	978	1	0	0	0	0	1322	694	1008	1006	978	661	347	504	503	489	1	-7.564296520423675e-4	FALSE	FALSE
._C_36	0.9939485627836612	1	1	1	1	1314	694	1008	1006	978	8	0	0	0	0	1322	694	1008	1006	978	661	347	504	503	489	1	-0.006051437216338829	FALSE	FALSE
._C_37	0.9568835098335855	0.9985590778097982	1	1	1	1265	693	1008	1006	978	57	1	0	0	0	1322	694	1008	1006	978	661	347	504	503	489	0.9996397694524496	-0.04275625961886409	FALSE	FALSE
._C_38	1	0.9884726224783862	0.9990079365079365	0.9840954274353877	0.9979550102249489	1322	686	1007	990	976	0	8	1	16	2	1322	694	1008	1006	978	661	347	504	503	489	0.9923827491616648	0.007617250838335199	FALSE	FALSE
._C_39	1	1	1	0.9990059642147118	1	1322	694	1008	1005	978	0	0	0	1	0	1322	694	1008	1006	978	661	347	504	503	489	0.999751491053678	2.485089463220014e-4	FALSE	FALSE
._C_4	1	0.9985590778097982	1	0.9920477137176938	1	1322	693	1008	998	978	0	1	0	8	0	1322	694	1008	1006	978	661	347	504	503	489	0.997651697881873	0.002348302118126977	FALSE	FALSE
._C_40	1	1	0.998015873015873	1	1	1322	694	1006	1006	978	0	0	2	0	0	1322	694	1008	1006	978	661	347	504	503	489	0.9995039682539683	4.960317460317443e-4	FALSE	FALSE
._C_41	0.9992435703479576	1	1	1	1	1321	694	1008	1006	978	1	0	0	0	0	1322	694	1008	1006	978	661	347	504	503	489	1	-7.564296520423675e-4	FALSE	FALSE
._C_42	0.9992435703479576	1	1	0.9990059642147118	1	1321	694	1008	1005	978	1	0	0	1	0	1322	694	1008	1006	978	661	347	504	503	489	0.999751491053678	-5.079207057203661e-4	FALSE	FALSE
._C_43	1	1	0.9990079365079365	1	1	1322	694	1007	1006	978	0	0	1	0	0	1322	694	1008	1006	978	661	347	504	503	489	0.9997519841269842	2.480158730158166e-4	FALSE	FALSE
._C_44	1	0.9985590778097982	0.996031746031746	1	1	1322	693	1004	1006	978	0	1	4	0	0	1322	694	1008	1006	978	661	347	504	503	489	0.9986477059603861	0.0013522940396138994	FALSE	FALSE
._C_45	0.9992435703479576	1	1	1	1	1321	694	1008	1006	978	1	0	0	0	0	1322	694	1008	1006	978	661	347	504	503	489	1	-7.564296520423675e-4	FALSE	FALSE
._C_46	1	1	1	1	0.9989775051124744	1322	694	1008	1006	977	0	0	0	0	1	1322	694	1008	1006	978	661	347	504	503	489	0.9997443762781186	2.556237218813706e-4	FALSE	FALSE
._C_47	1	1	0.998015873015873	1	1	1322	694	1006	1006	978	0	0	2	0	0	1322	694	1008	1006	978	661	347	504	503	489	0.9995039682539683	4.960317460317443e-4	FALSE	FALSE
._C_48	1	1	1	1	0.9989775051124744	1322	694	1008	1006	977	0	0	0	0	1	1322	694	1008	1006	978	661	347	504	503	489	0.9997443762781186	2.556237218813706e-4	FALSE	FALSE
._C_49	1	1	0.9920634920634921	1	1	1322	694	1000	1006	978	0	0	8	0	0	1322	694	1008	1006	978	661	347	504	503	489	0.998015873015873	0.001984126984126977	FALSE	FALSE
._C_5	1	1	1	0.9990059642147118	1	1322	694	1008	1005	978	0	0	0	1	0	1322	694	1008	1006	978	661	347	504	503	489	0.999751491053678	2.485089463220014e-4	FALSE	FALSE
._C_50	1	1	1	0.9990059642147118	1	1322	694	1008	1005	978	0	0	0	1	0	1322	694	1008	1006	978	661	347	504	503	489	0.999751491053678	2.485089463220014e-4	FALSE	FALSE
._C_51	0.9856278366111951	1	1	1	1	1303	694	1008	1006	978	19	0	0	0	0	1322	694	1008	1006	978	661	347	504	503	489	1	-0.01437216338880487	FALSE	FALSE
._C_52	1	1	0.998015873015873	1	1	1322	694	1006	1006	978	0	0	2	0	0	1322	694	1008	1006	978	661	347	504	503	489	0.9995039682539683	4.960317460317443e-4	FALSE	FALSE
._C_53	0.9992435703479576	1	1	1	1	1321	694	1008	1006	978	1	0	0	0	0	1322	694	1008	1006	978	661	347	504	503	489	1	-7.564296520423675e-4	FALSE	FALSE
._C_54	1	1	1	0.9990059642147118	1	1322	694	1008	1005	978	0	0	0	1	0	1322	694	1008	1006	978	661	347	504	503	489	0.999751491053678	2.485089463220014e-4	FALSE	FALSE
._C_55	1	0.9985590778097982	1	0.9960238568588469	1	1322	693	1008	1002	978	0	1	0	4	0	1322	694	1008	1006	978	661	347	504	503	489	0.9986457336671613	0.0013542663328387494	FALSE	FALSE
._C_56	1	1	1	1	1	1322	694	1008	1006	978	0	0	0	0	0	1322	694	1008	1006	978	661	347	504	503	489	1	0	FALSE	FALSE
._C_57	0.9992435703479576	1	1	1	1	1321	694	1008	1006	978	1	0	0	0	0	1322	694	1008	1006	978	661	347	504	503	489	1	-7.564296520423675e-4	FALSE	FALSE
._C_58	0.9992435703479576	1	1	1	1	1321	694	1008	1006	978	1	0	0	0	0	1322	694	1008	1006	978	661	347	504	503	489	1	-7.564296520423675e-4	FALSE	FALSE
._C_59	1	1	1	1	0.9989775051124744	1322	694	1008	1006	977	0	0	0	0	1	1322	694	1008	1006	978	661	347	504	503	489	0.9997443762781186	2.556237218813706e-4	FALSE	FALSE
._C_6	1	1	1	1	0.9989775051124744	1322	694	1008	1006	977	0	0	0	0	1	1322	694	1008	1006	978	661	347	504	503	489	0.9997443762781186	2.556237218813706e-4	FALSE	FALSE
._C_60	1	1	1	0.9990059642147118	1	1322	694	1008	1005	978	0	0	0	1	0	1322	694	1008	1006	978	661	347	504	503	489	0.999751491053678	2.485089463220014e-4	FALSE	FALSE
._C_61	1	1	1	0.9990059642147118	1	1322	694	1008	1005	978	0	0	0	1	0	1322	694	1008	1006	978	661	347	504	503	489	0.999751491053678	2.485089463220014e-4	FALSE	FALSE
._C_62	0.9992435703479576	1	1	1	1	1321	694	1008	1006	978	1	0	0	0	0	1322	694	1008	1006	978	661	347	504	503	489	1	-7.564296520423675e-4	FALSE	FALSE
._C_63	0.9992435703479576	1	1	1	1	1321	694	1008	1006	978	1	0	0	0	0	1322	694	1008	1006	978	661	347	504	503	489	1	-7.564296520423675e-4	FALSE	FALSE
._C_64	1	1	0.998015873015873	1	1	1322	694	1006	1006	978	0	0	2	0	0	1322	694	1008	1006	978	661	347	504	503	489	0.9995039682539683	4.960317460317443e-4	FALSE	FALSE
._C_65	0.9992435703479576	1	1	1	1	1321	694	1008	1006	978	1	0	0	0	0	1322	694	1008	1006	978	661	347	504	503	489	1	-7.564296520423675e-4	FALSE	FALSE
._C_66	0.9984871406959153	1	1	1	1	1320	694	1008	1006	978	2	0	0	0	0	1322	694	1008	1006	978	661	347	504	503	489	1	-0.001512859304084735	FALSE	FALSE
._C_67	0.9992435703479576	1	1	1	1	1321	694	1008	1006	978	1	0	0	0	0	1322	694	1008	1006	978	661	347	504	503	489	1	-7.564296520423675e-4	FALSE	FALSE
._C_68	0.25718608169440244	0.16138328530259366	0.06646825396825397	0.12127236580516898	0.12576687116564417	340	112	67	122	123	982	582	941	884	855	1322	694	1008	1006	978	661	347	504	503	489	0.11872269406041519	0.13846338763398724	TRUE	FALSE
._C_69	0.9992435703479576	1	1	1	1	1321	694	1008	1006	978	1	0	0	0	0	1322	694	1008	1006	978	661	347	504	503	489	1	-7.564296520423675e-4	FALSE	FALSE
._C_7	1	0.9956772334293948	1	0.9860834990059643	0.9928425357873211	1322	691	1008	992	971	0	3	0	14	7	1322	694	1008	1006	978	661	347	504	503	489	0.99365081705567	0.006349182944329956	FALSE	FALSE
._C_70	1	1	1	1	0.9989775051124744	1322	694	1008	1006	977	0	0	0	0	1	1322	694	1008	1006	978	661	347	504	503	489	0.9997443762781186	2.556237218813706e-4	FALSE	FALSE
._C_71	1	1	1	1	0.9918200408997955	1322	694	1008	1006	970	0	0	0	0	8	1322	694	1008	1006	978	661	347	504	503	489	0.9979550102249488	0.002044989775051187	FALSE	FALSE
._C_72	0.9992435703479576	1	1	1	1	1321	694	1008	1006	978	1	0	0	0	0	1322	694	1008	1006	978	661	347	504	503	489	1	-7.564296520423675e-4	FALSE	FALSE
._C_73	1	1	1	0.9990059642147118	1	1322	694	1008	1005	978	0	0	0	1	0	1322	694	1008	1006	978	661	347	504	503	489	0.999751491053678	2.485089463220014e-4	FALSE	FALSE
._C_74	1	0.9985590778097982	1	0.9980119284294234	0.9948875255623721	1322	693	1008	1004	973	0	1	0	2	5	1322	694	1008	1006	978	661	347	504	503	489	0.9978646329503984	0.0021353670496015997	FALSE	FALSE
._C_75	0.9969742813918305	0.9985590778097982	1	1	1	1318	693	1008	1006	978	4	1	0	0	0	1322	694	1008	1006	978	661	347	504	503	489	0.9996397694524496	-0.002665488060619059	FALSE	FALSE
._C_76	1	1	1	1	0.9989775051124744	1322	694	1008	1006	977	0	0	0	0	1	1322	694	1008	1006	978	661	347	504	503	489	0.9997443762781186	2.556237218813706e-4	FALSE	FALSE
._C_77	1	1	1	0.9990059642147118	1	1322	694	1008	1005	978	0	0	0	1	0	1322	694	1008	1006	978	661	347	504	503	489	0.999751491053678	2.485089463220014e-4	FALSE	FALSE
._C_78	0.9992435703479576	1	1	1	1	1321	694	1008	1006	978	1	0	0	0	0	1322	694	1008	1006	978	661	347	504	503	489	1	-7.564296520423675e-4	FALSE	FALSE
._C_79	1	1	0.9990079365079365	1	1	1322	694	1007	1006	978	0	0	1	0	0	1322	694	1008	1006	978	661	347	504	503	489	0.9997519841269842	2.480158730158166e-4	FALSE	FALSE
._C_8	1	1	1	0.9980119284294234	1	1322	694	1008	1004	978	0	0	0	2	0	1322	694	1008	1006	978	661	347	504	503	489	0.9995029821073559	4.970178926441138e-4	FALSE	FALSE
._C_80	0.9878971255673222	1	1	1	0.9989775051124744	1306	694	1008	1006	977	16	0	0	0	1	1322	694	1008	1006	978	661	347	504	503	489	0.9997443762781186	-0.011847250710796398	FALSE	FALSE
._C_81	1	0.9985590778097982	1	1	1	1322	693	1008	1006	978	0	1	0	0	0	1322	694	1008	1006	978	661	347	504	503	489	0.9996397694524496	3.6023054755041084e-4	FALSE	FALSE
._C_82	1	1	0.998015873015873	1	1	1322	694	1006	1006	978	0	0	2	0	0	1322	694	1008	1006	978	661	347	504	503	489	0.9995039682539683	4.960317460317443e-4	FALSE	FALSE
._C_83	1	1	0.9970238095238095	1	1	1322	694	1005	1006	978	0	0	3	0	0	1322	694	1008	1006	978	661	347	504	503	489	0.9992559523809523	7.440476190476719e-4	FALSE	FALSE
._C_84	1	1	1	1	0.9989775051124744	1322	694	1008	1006	977	0	0	0	0	1	1322	694	1008	1006	978	661	347	504	503	489	0.9997443762781186	2.556237218813706e-4	FALSE	FALSE
._C_85	0.9992435703479576	1	1	1	1	1321	694	1008	1006	978	1	0	0	0	0	1322	694	1008	1006	978	661	347	504	503	489	1	-7.564296520423675e-4	FALSE	FALSE
._C_86	1	0.9985590778097982	1	1	1	1322	693	1008	1006	978	0	1	0	0	0	1322	694	1008	1006	978	661	347	504	503	489	0.9996397694524496	3.6023054755041084e-4	FALSE	FALSE
._C_87	0.9992435703479576	1	1	1	1	1321	694	1008	1006	978	1	0	0	0	0	1322	694	1008	1006	978	661	347	504	503	489	1	-7.564296520423675e-4	FALSE	FALSE
._C_9	0.9984871406959153	1	1	1	1	1320	694	1008	1006	978	2	0	0	0	0	1322	694	1008	1006	978	661	347	504	503	489	1	-0.001512859304084735	FALSE	FALSE
._G	1	1	1	0.9980119284294234	1	1322	694	1008	1004	978	0	0	0	2	0	1322	694	1008	1006	978	661	347	504	503	489	0.9995029821073559	4.970178926441138e-4	FALSE	FALSE
._G_1	1	1	0.9990079365079365	1	1	1322	694	1007	1006	978	0	0	1	0	0	1322	694	1008	1006	978	661	347	504	503	489	0.9997519841269842	2.480158730158166e-4	FALSE	FALSE
._G_10	1	1	1	1	0.9979550102249489	1322	694	1008	1006	976	0	0	0	0	2	1322	694	1008	1006	978	661	347	504	503	489	0.9994887525562373	5.112474437627412e-4	FALSE	FALSE
._G_11	1	1	1	1	0.9989775051124744	1322	694	1008	1006	977	0	0	0	0	1	1322	694	1008	1006	978	661	347	504	503	489	0.9997443762781186	2.556237218813706e-4	FALSE	FALSE
._G_12	0.9826021180030258	0.9985590778097982	1	1	1	1299	693	1008	1006	978	23	1	0	0	0	1322	694	1008	1006	978	661	347	504	503	489	0.9996397694524496	-0.01703765144942382	FALSE	FALSE
._G_13	1	1	1	1	0.9989775051124744	1322	694	1008	1006	977	0	0	0	0	1	1322	694	1008	1006	978	661	347	504	503	489	0.9997443762781186	2.556237218813706e-4	FALSE	FALSE
._G_14	1	1	1	0.9980119284294234	1	1322	694	1008	1004	978	0	0	0	2	0	1322	694	1008	1006	978	661	347	504	503	489	0.9995029821073559	4.970178926441138e-4	FALSE	FALSE
._G_15	0.9992435703479576	1	1	1	1	1321	694	1008	1006	978	1	0	0	0	0	1322	694	1008	1006	978	661	347	504	503	489	1	-7.564296520423675e-4	FALSE	FALSE
._G_16	1	1	0.9990079365079365	1	1	1322	694	1007	1006	978	0	0	1	0	0	1322	694	1008	1006	978	661	347	504	503	489	0.9997519841269842	2.480158730158166e-4	FALSE	FALSE
._G_17	1	1	1	1	0.9959100204498977	1322	694	1008	1006	974	0	0	0	0	4	1322	694	1008	1006	978	661	347	504	503	489	0.9989775051124744	0.0010224948875255935	FALSE	FALSE
._G_18	1	1	1	1	0.9989775051124744	1322	694	1008	1006	977	0	0	0	0	1	1322	694	1008	1006	978	661	347	504	503	489	0.9997443762781186	2.556237218813706e-4	FALSE	FALSE
._G_19	0.9992435703479576	1	1	1	1	1321	694	1008	1006	978	1	0	0	0	0	1322	694	1008	1006	978	661	347	504	503	489	1	-7.564296520423675e-4	FALSE	FALSE
._G_2	0.989409984871407	0.9985590778097982	1	1	1	1308	693	1008	1006	978	14	1	0	0	0	1322	694	1008	1006	978	661	347	504	503	489	0.9996397694524496	-0.010229784581042622	FALSE	FALSE
._G_20	1	0.9985590778097982	1	0.9960238568588469	0.9815950920245399	1322	693	1008	1002	960	0	1	0	4	18	1322	694	1008	1006	978	661	347	504	503	489	0.9940445066732962	0.0059554933267037535	FALSE	FALSE
._G_21	0.9992435703479576	1	1	1	1	1321	694	1008	1006	978	1	0	0	0	0	1322	694	1008	1006	978	661	347	504	503	489	1	-7.564296520423675e-4	FALSE	FALSE
._G_22	1	1	0.9910714285714286	1	1	1322	694	999	1006	978	0	0	9	0	0	1322	694	1008	1006	978	661	347	504	503	489	0.9977678571428572	0.0022321428571427937	FALSE	FALSE
._G_23	1	1	1	1	0.9815950920245399	1322	694	1008	1006	960	0	0	0	0	18	1322	694	1008	1006	978	661	347	504	503	489	0.995398773006135	0.004601226993865004	FALSE	FALSE
._G_24	1	1	1	1	0.9989775051124744	1322	694	1008	1006	977	0	0	0	0	1	1322	694	1008	1006	978	661	347	504	503	489	0.9997443762781186	2.556237218813706e-4	FALSE	FALSE
._G_25	1	1	1	1	0.9989775051124744	1322	694	1008	1006	977	0	0	0	0	1	1322	694	1008	1006	978	661	347	504	503	489	0.9997443762781186	2.556237218813706e-4	FALSE	FALSE
._G_26	1	1	1	0.9990059642147118	1	1322	694	1008	1005	978	0	0	0	1	0	1322	694	1008	1006	978	661	347	504	503	489	0.999751491053678	2.485089463220014e-4	FALSE	FALSE
._G_27	1	0.9985590778097982	1	1	1	1322	693	1008	1006	978	0	1	0	0	0	1322	694	1008	1006	978	661	347	504	503	489	0.9996397694524496	3.6023054755041084e-4	FALSE	FALSE
._G_28	1	1	1	0.9990059642147118	1	1322	694	1008	1005	978	0	0	0	1	0	1322	694	1008	1006	978	661	347	504	503	489	0.999751491053678	2.485089463220014e-4	FALSE	FALSE
._G_29	0.9992435703479576	0.9985590778097982	1	1	1	1321	693	1008	1006	978	1	1	0	0	0	1322	694	1008	1006	978	661	347	504	503	489	0.9996397694524496	-3.961991044919566e-4	FALSE	FALSE
._G_3	1	1	1	1	0.9959100204498977	1322	694	1008	1006	974	0	0	0	0	4	1322	694	1008	1006	978	661	347	504	503	489	0.9989775051124744	0.0010224948875255935	FALSE	FALSE
._G_30	1	0.9985590778097982	1	0.9980119284294234	1	1322	693	1008	1004	978	0	1	0	2	0	1322	694	1008	1006	978	661	347	504	503	489	0.9991427515598055	8.572484401945246e-4	FALSE	FALSE
._G_31	1	0.9971181556195965	1	1	1	1322	692	1008	1006	978	0	2	0	0	0	1322	694	1008	1006	978	661	347	504	503	489	0.9992795389048992	7.204610951008217e-4	FALSE	FALSE
._G_32	1	1	1	0.9990059642147118	1	1322	694	1008	1005	978	0	0	0	1	0	1322	694	1008	1006	978	661	347	504	503	489	0.999751491053678	2.485089463220014e-4	FALSE	FALSE
._G_33	1	1	1	0.9990059642147118	1	1322	694	1008	1005	978	0	0	0	1	0	1322	694	1008	1006	978	661	347	504	503	489	0.999751491053678	2.485089463220014e-4	FALSE	FALSE
._G_34	1	1	0.9990079365079365	1	1	1322	694	1007	1006	978	0	0	1	0	0	1322	694	1008	1006	978	661	347	504	503	489	0.9997519841269842	2.480158730158166e-4	FALSE	FALSE
._G_35	1	1	0.9990079365079365	1	1	1322	694	1007	1006	978	0	0	1	0	0	1322	694	1008	1006	978	661	347	504	503	489	0.9997519841269842	2.480158730158166e-4	FALSE	FALSE
._G_36	1	0.9985590778097982	1	1	1	1322	693	1008	1006	978	0	1	0	0	0	1322	694	1008	1006	978	661	347	504	503	489	0.9996397694524496	3.6023054755041084e-4	FALSE	FALSE
._G_37	1	0.9985590778097982	1	1	1	1322	693	1008	1006	978	0	1	0	0	0	1322	694	1008	1006	978	661	347	504	503	489	0.9996397694524496	3.6023054755041084e-4	FALSE	FALSE
._G_38	1	1	1	0.9990059642147118	1	1322	694	1008	1005	978	0	0	0	1	0	1322	694	1008	1006	978	661	347	504	503	489	0.999751491053678	2.485089463220014e-4	FALSE	FALSE
._G_39	0.9992435703479576	1	1	1	1	1321	694	1008	1006	978	1	0	0	0	0	1322	694	1008	1006	978	661	347	504	503	489	1	-7.564296520423675e-4	FALSE	FALSE
._G_4	0.9992435703479576	1	1	1	1	1321	694	1008	1006	978	1	0	0	0	0	1322	694	1008	1006	978	661	347	504	503	489	1	-7.564296520423675e-4	FALSE	FALSE
._G_40	0.9984871406959153	1	1	1	1	1320	694	1008	1006	978	2	0	0	0	0	1322	694	1008	1006	978	661	347	504	503	489	1	-0.001512859304084735	FALSE	FALSE
._G_41	0.9992435703479576	1	1	1	1	1321	694	1008	1006	978	1	0	0	0	0	1322	694	1008	1006	978	661	347	504	503	489	1	-7.564296520423675e-4	FALSE	FALSE
._G_42	1	1	1	0.9990059642147118	1	1322	694	1008	1005	978	0	0	0	1	0	1322	694	1008	1006	978	661	347	504	503	489	0.999751491053678	2.485089463220014e-4	FALSE	FALSE
._G_43	1	1	1	0.9990059642147118	0.9989775051124744	1322	694	1008	1005	977	0	0	0	1	1	1322	694	1008	1006	978	661	347	504	503	489	0.9994958673317965	5.04132668203483e-4	FALSE	FALSE
._G_44	1	1	1	1	1	1322	694	1008	1006	978	0	0	0	0	0	1322	694	1008	1006	978	661	347	504	503	489	1	0	FALSE	FALSE
._G_45	1	1	1	1	0.983640081799591	1322	694	1008	1006	962	0	0	0	0	16	1322	694	1008	1006	978	661	347	504	503	489	0.9959100204498977	0.004089979550102263	FALSE	FALSE
._G_46	1	1	1	0.9990059642147118	1	1322	694	1008	1005	978	0	0	0	1	0	1322	694	1008	1006	978	661	347	504	503	489	0.999751491053678	2.485089463220014e-4	FALSE	FALSE
._G_47	1	1	1	1	0.9989775051124744	1322	694	1008	1006	977	0	0	0	0	1	1322	694	1008	1006	978	661	347	504	503	489	0.9997443762781186	2.556237218813706e-4	FALSE	FALSE
._G_48	0.8449319213313162	0.6772334293948127	0.8363095238095238	0.5437375745526839	0.8098159509202454	1117	470	843	547	792	205	224	165	459	186	1322	694	1008	1006	978	661	347	504	503	489	0.7167741196693165	0.12815780166199975	TRUE	FALSE
._G_49	1	1	1	0.9990059642147118	1	1322	694	1008	1005	978	0	0	0	1	0	1322	694	1008	1006	978	661	347	504	503	489	0.999751491053678	2.485089463220014e-4	FALSE	FALSE
._G_5	0.9901664145234493	1	1	1	1	1309	694	1008	1006	978	13	0	0	0	0	1322	694	1008	1006	978	661	347	504	503	489	1	-0.009833585476550666	FALSE	FALSE
._G_50	1	1	1	1	0.9969325153374233	1322	694	1008	1006	975	0	0	0	0	3	1322	694	1008	1006	978	661	347	504	503	489	0.9992331288343559	7.668711656441118e-4	FALSE	FALSE
._G_51	1	1	0.9990079365079365	1	1	1322	694	1007	1006	978	0	0	1	0	0	1322	694	1008	1006	978	661	347	504	503	489	0.9997519841269842	2.480158730158166e-4	FALSE	FALSE
._G_52	1	1	1	1	0.9979550102249489	1322	694	1008	1006	976	0	0	0	0	2	1322	694	1008	1006	978	661	347	504	503	489	0.9994887525562373	5.112474437627412e-4	FALSE	FALSE
._G_53	1	1	0.9990079365079365	1	1	1322	694	1007	1006	978	0	0	1	0	0	1322	694	1008	1006	978	661	347	504	503	489	0.9997519841269842	2.480158730158166e-4	FALSE	FALSE
._G_54	1	1	1	1	0.9989775051124744	1322	694	1008	1006	977	0	0	0	0	1	1322	694	1008	1006	978	661	347	504	503	489	0.9997443762781186	2.556237218813706e-4	FALSE	FALSE
._G_55	1	0.9985590778097982	1	1	1	1322	693	1008	1006	978	0	1	0	0	0	1322	694	1008	1006	978	661	347	504	503	489	0.9996397694524496	3.6023054755041084e-4	FALSE	FALSE
._G_56	1	1	1	0.9990059642147118	1	1322	694	1008	1005	978	0	0	0	1	0	1322	694	1008	1006	978	661	347	504	503	489	0.999751491053678	2.485089463220014e-4	FALSE	FALSE
._G_57	0.9992435703479576	0.9956772334293948	1	0.9960238568588469	1	1321	691	1008	1002	978	1	3	0	4	0	1322	694	1008	1006	978	661	347	504	503	489	0.9979252725720604	0.0013182977758972036	FALSE	FALSE
._G_58	0.9992435703479576	1	1	1	1	1321	694	1008	1006	978	1	0	0	0	0	1322	694	1008	1006	978	661	347	504	503	489	1	-7.564296520423675e-4	FALSE	FALSE
._G_59	1	1	0.9990079365079365	1	1	1322	694	1007	1006	978	0	0	1	0	0	1322	694	1008	1006	978	661	347	504	503	489	0.9997519841269842	2.480158730158166e-4	FALSE	FALSE
._G_6	0.9992435703479576	1	1	1	1	1321	694	1008	1006	978	1	0	0	0	0	1322	694	1008	1006	978	661	347	504	503	489	1	-7.564296520423675e-4	FALSE	FALSE
._G_60	1	1	1	0.9990059642147118	0.9989775051124744	1322	694	1008	1005	977	0	0	0	1	1	1322	694	1008	1006	978	661	347	504	503	489	0.9994958673317965	5.04132668203483e-4	FALSE	FALSE
._G_61	1	1	1	1	0.9989775051124744	1322	694	1008	1006	977	0	0	0	0	1	1322	694	1008	1006	978	661	347	504	503	489	0.9997443762781186	2.556237218813706e-4	FALSE	FALSE
._G_62	0.9984871406959153	1	1	1	1	1320	694	1008	1006	978	2	0	0	0	0	1322	694	1008	1006	978	661	347	504	503	489	1	-0.001512859304084735	FALSE	FALSE
._G_63	0.9273827534039334	0.9942363112391931	1	1	1	1226	690	1008	1006	978	96	4	0	0	0	1322	694	1008	1006	978	661	347	504	503	489	0.9985590778097982	-0.07117632440586485	FALSE	FALSE
._G_64	1	1	1	1	0.9989775051124744	1322	694	1008	1006	977	0	0	0	0	1	1322	694	1008	1006	978	661	347	504	503	489	0.9997443762781186	2.556237218813706e-4	FALSE	FALSE
._G_65	1	1	1	0.9950298210735586	1	1322	694	1008	1001	978	0	0	0	5	0	1322	694	1008	1006	978	661	347	504	503	489	0.9987574552683897	0.00124254473161034	FALSE	FALSE
._G_66	1	1	1	0.9990059642147118	1	1322	694	1008	1005	978	0	0	0	1	0	1322	694	1008	1006	978	661	347	504	503	489	0.999751491053678	2.485089463220014e-4	FALSE	FALSE
._G_67	0.9992435703479576	1	1	1	1	1321	694	1008	1006	978	1	0	0	0	0	1322	694	1008	1006	978	661	347	504	503	489	1	-7.564296520423675e-4	FALSE	FALSE
._G_68	1	1	1	1	0.976482617586912	1322	694	1008	1006	955	0	0	0	0	23	1322	694	1008	1006	978	661	347	504	503	489	0.994120654396728	0.005879345603271968	FALSE	FALSE
._G_69	0.9984871406959153	1	1	1	1	1320	694	1008	1006	978	2	0	0	0	0	1322	694	1008	1006	978	661	347	504	503	489	1	-0.001512859304084735	FALSE	FALSE
._G_7	0.518910741301059	0.6930835734870316	0.2906746031746032	0.7654075546719682	0.50920245398773	686	481	293	770	498	636	213	715	236	480	1322	694	1008	1006	978	661	347	504	503	489	0.5645920463303332	-0.045681305029274255	FALSE	FALSE
._G_70	0.9992435703479576	1	1	1	1	1321	694	1008	1006	978	1	0	0	0	0	1322	694	1008	1006	978	661	347	504	503	489	1	-7.564296520423675e-4	FALSE	FALSE
._G_71	0.9992435703479576	1	1	1	1	1321	694	1008	1006	978	1	0	0	0	0	1322	694	1008	1006	978	661	347	504	503	489	1	-7.564296520423675e-4	FALSE	FALSE
._G_72	1	1	0.998015873015873	1	1	1322	694	1006	1006	978	0	0	2	0	0	1322	694	1008	1006	978	661	347	504	503	489	0.9995039682539683	4.960317460317443e-4	FALSE	FALSE
._G_73	1	1	1	1	0.9989775051124744	1322	694	1008	1006	977	0	0	0	0	1	1322	694	1008	1006	978	661	347	504	503	489	0.9997443762781186	2.556237218813706e-4	FALSE	FALSE
._G_74	0.9969742813918305	0.8904899135446686	1	0.9880715705765407	0.9969325153374233	1318	618	1008	994	975	4	76	0	12	3	1322	694	1008	1006	978	661	347	504	503	489	0.9688734998646582	0.028100781527172325	FALSE	FALSE
._G_75	0.9969742813918305	1	1	1	1	1318	694	1008	1006	978	4	0	0	0	0	1322	694	1008	1006	978	661	347	504	503	489	1	-0.00302571860816947	FALSE	FALSE
._G_76	1	1	1	1	0.9989775051124744	1322	694	1008	1006	977	0	0	0	0	1	1322	694	1008	1006	978	661	347	504	503	489	0.9997443762781186	2.556237218813706e-4	FALSE	FALSE
._G_77	1	1	0.9990079365079365	1	1	1322	694	1007	1006	978	0	0	1	0	0	1322	694	1008	1006	978	661	347	504	503	489	0.9997519841269842	2.480158730158166e-4	FALSE	FALSE
._G_78	1	1	1	1	0.9989775051124744	1322	694	1008	1006	977	0	0	0	0	1	1322	694	1008	1006	978	661	347	504	503	489	0.9997443762781186	2.556237218813706e-4	FALSE	FALSE
._G_79	1	1	1	1	0.9989775051124744	1322	694	1008	1006	977	0	0	0	0	1	1322	694	1008	1006	978	661	347	504	503	489	0.9997443762781186	2.556237218813706e-4	FALSE	FALSE
._G_8	1	1	0.9990079365079365	1	1	1322	694	1007	1006	978	0	0	1	0	0	1322	694	1008	1006	978	661	347	504	503	489	0.9997519841269842	2.480158730158166e-4	FALSE	FALSE
._G_80	1	0.9985590778097982	1	1	1	1322	693	1008	1006	978	0	1	0	0	0	1322	694	1008	1006	978	661	347	504	503	489	0.9996397694524496	3.6023054755041084e-4	FALSE	FALSE
._G_81	0.903177004538578	0.9884726224783862	1	0.9990059642147118	1	1194	686	1008	1005	978	128	8	0	1	0	1322	694	1008	1006	978	661	347	504	503	489	0.9968696466732745	-0.09369264213469652	FALSE	FALSE
._G_82	1	1	1	1	0.9989775051124744	1322	694	1008	1006	977	0	0	0	0	1	1322	694	1008	1006	978	661	347	504	503	489	0.9997443762781186	2.556237218813706e-4	FALSE	FALSE
._G_83	1	0.9985590778097982	1	1	1	1322	693	1008	1006	978	0	1	0	0	0	1322	694	1008	1006	978	661	347	504	503	489	0.9996397694524496	3.6023054755041084e-4	FALSE	FALSE
._G_84	0.9992435703479576	1	1	1	1	1321	694	1008	1006	978	1	0	0	0	0	1322	694	1008	1006	978	661	347	504	503	489	1	-7.564296520423675e-4	FALSE	FALSE
._G_85	1	1	1	1	0.9989775051124744	1322	694	1008	1006	977	0	0	0	0	1	1322	694	1008	1006	978	661	347	504	503	489	0.9997443762781186	2.556237218813706e-4	FALSE	FALSE
._G_86	0.9984871406959153	1	1	1	1	1320	694	1008	1006	978	2	0	0	0	0	1322	694	1008	1006	978	661	347	504	503	489	1	-0.001512859304084735	FALSE	FALSE
._G_87	1	0.9942363112391931	1	1	1	1322	690	1008	1006	978	0	4	0	0	0	1322	694	1008	1006	978	661	347	504	503	489	0.9985590778097982	0.0014409221902017544	FALSE	FALSE
._G_88	0.9969742813918305	1	1	1	1	1318	694	1008	1006	978	4	0	0	0	0	1322	694	1008	1006	978	661	347	504	503	489	1	-0.00302571860816947	FALSE	FALSE
._G_89	0.9962178517397882	0.9985590778097982	1	1	1	1317	693	1008	1006	978	5	1	0	0	0	1322	694	1008	1006	978	661	347	504	503	489	0.9996397694524496	-0.0034219177126614264	FALSE	FALSE
._G_9	0.9992435703479576	1	1	1	1	1321	694	1008	1006	978	1	0	0	0	0	1322	694	1008	1006	978	661	347	504	503	489	1	-7.564296520423675e-4	FALSE	FALSE
._G_90	1	1	1	1	0.9989775051124744	1322	694	1008	1006	977	0	0	0	0	1	1322	694	1008	1006	978	661	347	504	503	489	0.9997443762781186	2.556237218813706e-4	FALSE	FALSE
._G_91	0.9947049924357034	1	1	1	1	1315	694	1008	1006	978	7	0	0	0	0	1322	694	1008	1006	978	661	347	504	503	489	1	-0.005295007564296572	FALSE	FALSE
._G_92	1	0.9971181556195965	1	1	1	1322	692	1008	1006	978	0	2	0	0	0	1322	694	1008	1006	978	661	347	504	503	489	0.9992795389048992	7.204610951008217e-4	FALSE	FALSE
._G_93	1	1	1	0.9990059642147118	1	1322	694	1008	1005	978	0	0	0	1	0	1322	694	1008	1006	978	661	347	504	503	489	0.999751491053678	2.485089463220014e-4	FALSE	FALSE
._G_94	1	1	0.9990079365079365	1	1	1322	694	1007	1006	978	0	0	1	0	0	1322	694	1008	1006	978	661	347	504	503	489	0.9997519841269842	2.480158730158166e-4	FALSE	FALSE
._G_95	0.9984871406959153	1	1	1	1	1320	694	1008	1006	978	2	0	0	0	0	1322	694	1008	1006	978	661	347	504	503	489	1	-0.001512859304084735	FALSE	FALSE
._G_96	1	1	1	1	0.9989775051124744	1322	694	1008	1006	977	0	0	0	0	1	1322	694	1008	1006	978	661	347	504	503	489	0.9997443762781186	2.556237218813706e-4	FALSE	FALSE
._G_97	0.9992435703479576	1	1	1	1	1321	694	1008	1006	978	1	0	0	0	0	1322	694	1008	1006	978	661	347	504	503	489	1	-7.564296520423675e-4	FALSE	FALSE
._G_98	0.9977307110438729	1	1	1	1	1319	694	1008	1006	978	3	0	0	0	0	1322	694	1008	1006	978	661	347	504	503	489	1	-0.0022692889561271024	FALSE	FALSE
._G_99	1	1	0.9990079365079365	1	1	1322	694	1007	1006	978	0	0	1	0	0	1322	694	1008	1006	978	661	347	504	503	489	0.9997519841269842	2.480158730158166e-4	FALSE	FALSE
._T	0.9984871406959153	1	1	1	1	1320	694	1008	1006	978	2	0	0	0	0	1322	694	1008	1006	978	661	347	504	503	489	1	-0.001512859304084735	FALSE	FALSE
._T_1	1	0.9985590778097982	1	1	1	1322	693	1008	1006	978	0	1	0	0	0	1322	694	1008	1006	978	661	347	504	503	489	0.9996397694524496	3.6023054755041084e-4	FALSE	FALSE
._T_10	1	1	1	1	0.9979550102249489	1322	694	1008	1006	976	0	0	0	0	2	1322	694	1008	1006	978	661	347	504	503	489	0.9994887525562373	5.112474437627412e-4	FALSE	FALSE
._T_11	0.9992435703479576	1	1	1	1	1321	694	1008	1006	978	1	0	0	0	0	1322	694	1008	1006	978	661	347	504	503	489	1	-7.564296520423675e-4	FALSE	FALSE
._T_12	1	0.9985590778097982	1	1	1	1322	693	1008	1006	978	0	1	0	0	0	1322	694	1008	1006	978	661	347	504	503	489	0.9996397694524496	3.6023054755041084e-4	FALSE	FALSE
._T_13	1	1	0.9990079365079365	1	1	1322	694	1007	1006	978	0	0	1	0	0	1322	694	1008	1006	978	661	347	504	503	489	0.9997519841269842	2.480158730158166e-4	FALSE	FALSE
._T_14	1	1	1	1	0.9805725971370143	1322	694	1008	1006	959	0	0	0	0	19	1322	694	1008	1006	978	661	347	504	503	489	0.9951431492842535	0.004856850715746486	FALSE	FALSE
._T_15	0.9992435703479576	1	1	1	1	1321	694	1008	1006	978	1	0	0	0	0	1322	694	1008	1006	978	661	347	504	503	489	1	-7.564296520423675e-4	FALSE	FALSE
._T_16	0.9984871406959153	1	1	1	1	1320	694	1008	1006	978	2	0	0	0	0	1322	694	1008	1006	978	661	347	504	503	489	1	-0.001512859304084735	FALSE	FALSE
._T_17	0.9992435703479576	1	0.9930555555555556	0.9980119284294234	0.9948875255623721	1321	694	1001	1004	973	1	0	7	2	5	1322	694	1008	1006	978	661	347	504	503	489	0.9964887523868378	0.002754817961119871	FALSE	FALSE
._T_18	0.9984871406959153	0.9711815561959655	0.9990079365079365	0.9662027833001988	0.99079754601227	1320	674	1007	972	969	2	20	1	34	9	1322	694	1008	1006	978	661	347	504	503	489	0.9817974555040927	0.016689685191822567	FALSE	FALSE
._T_19	1	1	0.998015873015873	1	1	1322	694	1006	1006	978	0	0	2	0	0	1322	694	1008	1006	978	661	347	504	503	489	0.9995039682539683	4.960317460317443e-4	FALSE	FALSE
._T_2	1	1	1	1	0.9989775051124744	1322	694	1008	1006	977	0	0	0	0	1	1322	694	1008	1006	978	661	347	504	503	489	0.9997443762781186	2.556237218813706e-4	FALSE	FALSE
._T_20	1	1	0.9990079365079365	1	1	1322	694	1007	1006	978	0	0	1	0	0	1322	694	1008	1006	978	661	347	504	503	489	0.9997519841269842	2.480158730158166e-4	FALSE	FALSE
._T_21	1	1	0.9990079365079365	1	1	1322	694	1007	1006	978	0	0	1	0	0	1322	694	1008	1006	978	661	347	504	503	489	0.9997519841269842	2.480158730158166e-4	FALSE	FALSE
._T_22	1	1	1	1	0.9989775051124744	1322	694	1008	1006	977	0	0	0	0	1	1322	694	1008	1006	978	661	347	504	503	489	0.9997443762781186	2.556237218813706e-4	FALSE	FALSE
._T_23	1	1	1	1	0.9969325153374233	1322	694	1008	1006	975	0	0	0	0	3	1322	694	1008	1006	978	661	347	504	503	489	0.9992331288343559	7.668711656441118e-4	FALSE	FALSE
._T_24	1	1	1	1	0.9989775051124744	1322	694	1008	1006	977	0	0	0	0	1	1322	694	1008	1006	978	661	347	504	503	489	0.9997443762781186	2.556237218813706e-4	FALSE	FALSE
._T_25	1	1	1	0.9990059642147118	1	1322	694	1008	1005	978	0	0	0	1	0	1322	694	1008	1006	978	661	347	504	503	489	0.999751491053678	2.485089463220014e-4	FALSE	FALSE
._T_26	1	1	1	1	0.9948875255623721	1322	694	1008	1006	973	0	0	0	0	5	1322	694	1008	1006	978	661	347	504	503	489	0.998721881390593	0.001278118609406964	FALSE	FALSE
._T_27	1	0.9985590778097982	1	1	1	1322	693	1008	1006	978	0	1	0	0	0	1322	694	1008	1006	978	661	347	504	503	489	0.9996397694524496	3.6023054755041084e-4	FALSE	FALSE
._T_28	1	0.9985590778097982	1	1	1	1322	693	1008	1006	978	0	1	0	0	0	1322	694	1008	1006	978	661	347	504	503	489	0.9996397694524496	3.6023054755041084e-4	FALSE	FALSE
._T_29	1	1	0.9990079365079365	1	1	1322	694	1007	1006	978	0	0	1	0	0	1322	694	1008	1006	978	661	347	504	503	489	0.9997519841269842	2.480158730158166e-4	FALSE	FALSE
._T_3	1	1	1	1	0.9989775051124744	1322	694	1008	1006	977	0	0	0	0	1	1322	694	1008	1006	978	661	347	504	503	489	0.9997443762781186	2.556237218813706e-4	FALSE	FALSE
._T_30	1	1	0.9990079365079365	1	1	1322	694	1007	1006	978	0	0	1	0	0	1322	694	1008	1006	978	661	347	504	503	489	0.9997519841269842	2.480158730158166e-4	FALSE	FALSE
._T_31	1	0.9985590778097982	1	1	1	1322	693	1008	1006	978	0	1	0	0	0	1322	694	1008	1006	978	661	347	504	503	489	0.9996397694524496	3.6023054755041084e-4	FALSE	FALSE
._T_32	1	1	0.9970238095238095	1	1	1322	694	1005	1006	978	0	0	3	0	0	1322	694	1008	1006	978	661	347	504	503	489	0.9992559523809523	7.440476190476719e-4	FALSE	FALSE
._T_33	1	1	1	1	0.9989775051124744	1322	694	1008	1006	977	0	0	0	0	1	1322	694	1008	1006	978	661	347	504	503	489	0.9997443762781186	2.556237218813706e-4	FALSE	FALSE
._T_34	1	1	1	0.9990059642147118	1	1322	694	1008	1005	978	0	0	0	1	0	1322	694	1008	1006	978	661	347	504	503	489	0.999751491053678	2.485089463220014e-4	FALSE	FALSE
._T_35	0.9969742813918305	1	1	1	1	1318	694	1008	1006	978	4	0	0	0	0	1322	694	1008	1006	978	661	347	504	503	489	1	-0.00302571860816947	FALSE	FALSE
._T_36	0.9992435703479576	1	1	1	1	1321	694	1008	1006	978	1	0	0	0	0	1322	694	1008	1006	978	661	347	504	503	489	1	-7.564296520423675e-4	FALSE	FALSE
._T_37	1	1	1	1	0.9989775051124744	1322	694	1008	1006	977	0	0	0	0	1	1322	694	1008	1006	978	661	347	504	503	489	0.9997443762781186	2.556237218813706e-4	FALSE	FALSE
._T_38	0.9992435703479576	1	1	1	1	1321	694	1008	1006	978	1	0	0	0	0	1322	694	1008	1006	978	661	347	504	503	489	1	-7.564296520423675e-4	FALSE	FALSE
._T_39	1	1	0.9990079365079365	1	1	1322	694	1007	1006	978	0	0	1	0	0	1322	694	1008	1006	978	661	347	504	503	489	0.9997519841269842	2.480158730158166e-4	FALSE	FALSE
._T_4	0.9992435703479576	1	1	1	1	1321	694	1008	1006	978	1	0	0	0	0	1322	694	1008	1006	978	661	347	504	503	489	1	-7.564296520423675e-4	FALSE	FALSE
._T_40	0.9992435703479576	1	1	1	1	1321	694	1008	1006	978	1	0	0	0	0	1322	694	1008	1006	978	661	347	504	503	489	1	-7.564296520423675e-4	FALSE	FALSE
._T_5	1	1	1	1	0.9989775051124744	1322	694	1008	1006	977	0	0	0	0	1	1322	694	1008	1006	978	661	347	504	503	489	0.9997443762781186	2.556237218813706e-4	FALSE	FALSE
._T_6	1	0.9956772334293948	1	1	1	1322	691	1008	1006	978	0	3	0	0	0	1322	694	1008	1006	978	661	347	504	503	489	0.9989193083573487	0.0010806916426513435	FALSE	FALSE
._T_7	0.9992435703479576	1	1	1	1	1321	694	1008	1006	978	1	0	0	0	0	1322	694	1008	1006	978	661	347	504	503	489	1	-7.564296520423675e-4	FALSE	FALSE
._T_8	0.9969742813918305	1	1	1	1	1318	694	1008	1006	978	4	0	0	0	0	1322	694	1008	1006	978	661	347	504	503	489	1	-0.00302571860816947	FALSE	FALSE
._T_9	1	1	1	1	0.9989775051124744	1322	694	1008	1006	977	0	0	0	0	1	1322	694	1008	1006	978	661	347	504	503	489	0.9997443762781186	2.556237218813706e-4	FALSE	FALSE
