VarID	ALT_AFR	ALT_nonAFR	REF_AFR	REF_nonAFR	p	FDR
._A	1322	3685	0	1	1	1
._A_1	1322	3685	0	1	1	1
._A_10	1322	3685	0	1	1	1
._A_11	1322	3685	0	1	1	1
._A_12	1322	3685	0	1	1	1
._A_13	1322	3685	0	1	1	1
._A_14	1321	3686	1	0	0.2639776357827379	0.676602872297503
._A_15	1322	3685	0	1	1	1
._A_16	1321	3672	1	14	0.13718927787432494	0.676602872297503
._A_17	1321	3686	1	0	0.2639776357827379	0.676602872297503
._A_18	1322	3684	0	2	1	1
._A_19	1321	3686	1	0	0.2639776357827379	0.676602872297503
._A_2	1322	3685	0	1	1	1
._A_20	1321	3686	1	0	0.2639776357827379	0.676602872297503
._A_21	1321	3686	1	0	0.2639776357827379	0.676602872297503
._A_22	1322	3685	0	1	1	1
._A_23	1322	3668	0	18	0.005954468576743925	0.05254051578012318
._A_24	1320	3686	2	0	0.06964538783083564	0.39970396494218713
._A_25	1322	3682	0	4	0.5788206670898436	1
._A_26	1322	3685	0	1	1	1
._A_27	1322	3685	0	1	1	1
._A_28	1322	3685	0	1	1	1
._A_29	1321	3686	1	0	0.2639776357827379	0.676602872297503
._A_3	1322	3685	0	1	1	1
._A_30	1097	2552	225	1134	3.035815884732247e-23	1.6029107871386266e-21
._A_31	1322	3685	0	1	1	1
._A_32	1320	3686	2	0	0.06964538783083564	0.39970396494218713
._A_33	1322	3681	0	5	0.3345425457991664	0.8177706675090736
._A_34	1322	3685	0	1	1	1
._A_4	1322	3685	0	1	1	1
._A_5	1321	3686	1	0	0.2639776357827379	0.676602872297503
._A_6	1321	3686	1	0	0.2639776357827379	0.676602872297503
._A_7	1320	3685	2	1	0.17220747314625262	0.676602872297503
._A_8	1322	3685	0	1	1	1
._A_9	1321	3686	1	0	0.2639776357827379	0.676602872297503
._C	1322	3685	0	1	1	1
._C_1	1322	3685	0	1	1	1
._C_10	1322	3685	0	1	1	1
._C_11	1321	3686	1	0	0.2639776357827379	0.676602872297503
._C_12	1322	3685	0	1	1	1
._C_13	1322	3684	0	2	1	1
._C_14	1300	3685	22	1	2.853491783831882e-12	8.370242565906854e-11
._C_15	1322	3680	0	6	0.3508462831312706	0.8497561352904168
._C_16	1322	3685	0	1	1	1
._C_17	1322	3684	0	2	1	1
._C_18	1322	3684	0	2	1	1
._C_19	1321	3686	1	0	0.2639776357827379	0.676602872297503
._C_2	1322	3685	0	1	1	1
._C_20	1322	3685	0	1	1	1
._C_21	1322	3685	0	1	1	1
._C_22	1321	3686	1	0	0.2639776357827379	0.676602872297503
._C_23	1322	3684	0	2	1	1
._C_24	1322	3685	0	1	1	1
._C_25	1322	3685	0	1	1	1
._C_26	1321	3686	1	0	0.2639776357827379	0.676602872297503
._C_27	1322	3663	0	23	0.0013575902091939548	0.015582774575095827
._C_28	1289	3685	33	1	1.5431003152162538e-18	5.819692617387014e-17
._C_29	1322	3685	0	1	1	1
._C_3	1304	3685	18	1	5.084247589584765e-10	1.2202194215003436e-8
._C_30	1322	3684	0	2	1	1
._C_31	1322	3685	0	1	1	1
._C_32	1322	3685	0	1	1	1
._C_33	1322	3684	0	2	1	1
._C_34	1322	3685	0	1	1	1
._C_35	1321	3686	1	0	0.2639776357827379	0.676602872297503
._C_36	1314	3686	8	0	2.321403539603788e-5	3.605003143855294e-4
._C_37	1265	3685	57	1	1.8800431865906867e-32	1.6544380041998044e-30
._C_38	1322	3659	0	27	5.567516064226827e-4	0.007735917057662538
._C_39	1322	3685	0	1	1	1
._C_4	1322	3677	0	9	0.12369380922308848	0.6402973653901051
._C_40	1322	3684	0	2	1	1
._C_41	1321	3686	1	0	0.2639776357827379	0.676602872297503
._C_42	1321	3685	1	1	0.4583098837346536	1
._C_43	1322	3685	0	1	1	1
._C_44	1322	3681	0	5	0.3345425457991664	0.8177706675090736
._C_45	1321	3686	1	0	0.2639776357827379	0.676602872297503
._C_46	1322	3685	0	1	1	1
._C_47	1322	3684	0	2	1	1
._C_48	1322	3685	0	1	1	1
._C_49	1322	3678	0	8	0.12013952466729276	0.6402973653901051
._C_5	1322	3685	0	1	1	1
._C_50	1322	3685	0	1	1	1
._C_51	1303	3686	19	0	9.29358666743982e-12	2.4535068802041127e-10
._C_52	1322	3684	0	2	1	1
._C_53	1321	3686	1	0	0.2639776357827379	0.676602872297503
._C_54	1322	3685	0	1	1	1
._C_55	1322	3681	0	5	0.3345425457991664	0.8177706675090736
._C_56	1322	3686	0	0	1	1
._C_57	1321	3686	1	0	0.2639776357827379	0.676602872297503
._C_58	1321	3686	1	0	0.2639776357827379	0.676602872297503
._C_59	1322	3685	0	1	1	1
._C_6	1322	3685	0	1	1	1
._C_60	1322	3685	0	1	1	1
._C_61	1322	3685	0	1	1	1
._C_62	1321	3686	1	0	0.2639776357827379	0.676602872297503
._C_63	1321	3686	1	0	0.2639776357827379	0.676602872297503
._C_64	1322	3684	0	2	1	1
._C_65	1321	3686	1	0	0.2639776357827379	0.676602872297503
._C_66	1320	3686	2	0	0.06964538783083564	0.39970396494218713
._C_67	1321	3686	1	0	0.2639776357827379	0.676602872297503
._C_68	340	424	982	3262	3.2808534246979387e-32	2.1653632603006395e-30
._C_69	1321	3686	1	0	0.2639776357827379	0.676602872297503
._C_7	1322	3662	0	24	8.351868493487717e-4	0.011024466411403786
._C_70	1322	3685	0	1	1	1
._C_71	1322	3678	0	8	0.12013952466729276	0.6402973653901051
._C_72	1321	3686	1	0	0.2639776357827379	0.676602872297503
._C_73	1322	3685	0	1	1	1
._C_74	1322	3678	0	8	0.12013952466729276	0.6402973653901051
._C_75	1318	3685	4	1	0.019099499130121662	0.14830199324565055
._C_76	1322	3685	0	1	1	1
._C_77	1322	3685	0	1	1	1
._C_78	1321	3686	1	0	0.2639776357827379	0.676602872297503
._C_79	1322	3685	0	1	1	1
._C_8	1322	3684	0	2	1	1
._C_80	1306	3685	16	1	6.661974426644206e-9	1.4656343738617252e-7
._C_81	1322	3685	0	1	1	1
._C_82	1322	3684	0	2	1	1
._C_83	1322	3683	0	3	0.5708463841173774	1
._C_84	1322	3685	0	1	1	1
._C_85	1321	3686	1	0	0.2639776357827379	0.676602872297503
._C_86	1322	3685	0	1	1	1
._C_87	1321	3686	1	0	0.2639776357827379	0.676602872297503
._C_9	1320	3686	2	0	0.06964538783083564	0.39970396494218713
._G	1322	3684	0	2	1	1
._G_1	1322	3685	0	1	1	1
._G_10	1322	3684	0	2	1	1
._G_11	1322	3685	0	1	1	1
._G_12	1299	3685	23	1	7.759969373249796e-13	2.5607898931724326e-11
._G_13	1322	3685	0	1	1	1
._G_14	1322	3684	0	2	1	1
._G_15	1321	3686	1	0	0.2639776357827379	0.676602872297503
._G_16	1322	3685	0	1	1	1
._G_17	1322	3682	0	4	0.5788206670898436	1
._G_18	1322	3685	0	1	1	1
._G_19	1321	3686	1	0	0.2639776357827379	0.676602872297503
._G_2	1308	3685	14	1	8.59397497613981e-8	1.5125395958006067e-6
._G_20	1322	3663	0	23	0.0013575902091939548	0.015582774575095827
._G_21	1321	3686	1	0	0.2639776357827379	0.676602872297503
._G_22	1322	3677	0	9	0.12369380922308848	0.6402973653901051
._G_23	1322	3668	0	18	0.005954468576743925	0.05254051578012318
._G_24	1322	3685	0	1	1	1
._G_25	1322	3685	0	1	1	1
._G_26	1322	3685	0	1	1	1
._G_27	1322	3685	0	1	1	1
._G_28	1322	3685	0	1	1	1
._G_29	1321	3685	1	1	0.4583098837346536	1
._G_3	1322	3682	0	4	0.5788206670898436	1
._G_30	1322	3683	0	3	0.5708463841173774	1
._G_31	1322	3684	0	2	1	1
._G_32	1322	3685	0	1	1	1
._G_33	1322	3685	0	1	1	1
._G_34	1322	3685	0	1	1	1
._G_35	1322	3685	0	1	1	1
._G_36	1322	3685	0	1	1	1
._G_37	1322	3685	0	1	1	1
._G_38	1322	3685	0	1	1	1
._G_39	1321	3686	1	0	0.2639776357827379	0.676602872297503
._G_4	1321	3686	1	0	0.2639776357827379	0.676602872297503
._G_40	1320	3686	2	0	0.06964538783083564	0.39970396494218713
._G_41	1321	3686	1	0	0.2639776357827379	0.676602872297503
._G_42	1322	3685	0	1	1	1
._G_43	1322	3684	0	2	1	1
._G_44	1322	3686	0	0	1	1
._G_45	1322	3670	0	16	0.00988371674383376	0.08154066313662851
._G_46	1322	3685	0	1	1	1
._G_47	1322	3685	0	1	1	1
._G_48	1117	2652	205	1034	9.773892193038881e-21	4.3005125649371076e-19
._G_49	1322	3685	0	1	1	1
._G_5	1309	3686	13	0	2.8935925925227754e-8	5.456488888757233e-7
._G_50	1322	3683	0	3	0.5708463841173774	1
._G_51	1322	3685	0	1	1	1
._G_52	1322	3684	0	2	1	1
._G_53	1322	3685	0	1	1	1
._G_54	1322	3685	0	1	1	1
._G_55	1322	3685	0	1	1	1
._G_56	1322	3685	0	1	1	1
._G_57	1321	3679	1	7	0.6895648536391512	1
._G_58	1321	3686	1	0	0.2639776357827379	0.676602872297503
._G_59	1322	3685	0	1	1	1
._G_6	1321	3686	1	0	0.2639776357827379	0.676602872297503
._G_60	1322	3684	0	2	1	1
._G_61	1322	3685	0	1	1	1
._G_62	1320	3686	2	0	0.06964538783083564	0.39970396494218713
._G_63	1226	3682	96	4	2.712606216969633e-51	3.580640206399916e-49
._G_64	1322	3685	0	1	1	1
._G_65	1322	3681	0	5	0.3345425457991664	0.8177706675090736
._G_66	1322	3685	0	1	1	1
._G_67	1321	3686	1	0	0.2639776357827379	0.676602872297503
._G_68	1322	3663	0	23	0.0013575902091939548	0.015582774575095827
._G_69	1320	3686	2	0	0.06964538783083564	0.39970396494218713
._G_7	686	2042	636	1644	0.028642379267812226	0.2160453750486408
._G_70	1321	3686	1	0	0.2639776357827379	0.676602872297503
._G_71	1321	3686	1	0	0.2639776357827379	0.676602872297503
._G_72	1322	3684	0	2	1	1
._G_73	1322	3685	0	1	1	1
._G_74	1318	3595	4	91	2.180023599129216e-8	4.427124847462408e-7
._G_75	1318	3686	4	0	0.004839674582090557	0.047321262580441004
._G_76	1322	3685	0	1	1	1
._G_77	1322	3685	0	1	1	1
._G_78	1322	3685	0	1	1	1
._G_79	1322	3685	0	1	1	1
._G_8	1322	3685	0	1	1	1
._G_80	1322	3685	0	1	1	1
._G_81	1194	3677	128	9	2.3844541783719694e-64	6.2949590309019995e-62
._G_82	1322	3685	0	1	1	1
._G_83	1322	3685	0	1	1	1
._G_84	1321	3686	1	0	0.2639776357827379	0.676602872297503
._G_85	1322	3685	0	1	1	1
._G_86	1320	3686	2	0	0.06964538783083564	0.39970396494218713
._G_87	1322	3682	0	4	0.5788206670898436	1
._G_88	1318	3686	4	0	0.004839674582090557	0.047321262580441004
._G_89	1317	3685	5	1	0.0059705131568321785	0.05254051578012318
._G_9	1321	3686	1	0	0.2639776357827379	0.676602872297503
._G_90	1322	3685	0	1	1	1
._G_91	1315	3686	7	0	8.828394754036839e-5	0.0012948312305920697
._G_92	1322	3684	0	2	1	1
._G_93	1322	3685	0	1	1	1
._G_94	1322	3685	0	1	1	1
._G_95	1320	3686	2	0	0.06964538783083564	0.39970396494218713
._G_96	1322	3685	0	1	1	1
._G_97	1321	3686	1	0	0.2639776357827379	0.676602872297503
._G_98	1319	3686	3	0	0.018364345173133328	0.14691476138506662
._G_99	1322	3685	0	1	1	1
._T	1320	3686	2	0	0.06964538783083564	0.39970396494218713
._T_1	1322	3685	0	1	1	1
._T_10	1322	3684	0	2	1	1
._T_11	1321	3686	1	0	0.2639776357827379	0.676602872297503
._T_12	1322	3685	0	1	1	1
._T_13	1322	3685	0	1	1	1
._T_14	1322	3667	0	19	0.006511647974018325	0.055454034359381864
._T_15	1321	3686	1	0	0.2639776357827379	0.676602872297503
._T_16	1320	3686	2	0	0.06964538783083564	0.39970396494218713
._T_17	1321	3672	1	14	0.13718927787432494	0.676602872297503
._T_18	1320	3622	2	64	7.108999721635695e-7	1.1729849540698898e-5
._T_19	1322	3684	0	2	1	1
._T_2	1322	3685	0	1	1	1
._T_20	1322	3685	0	1	1	1
._T_21	1322	3685	0	1	1	1
._T_22	1322	3685	0	1	1	1
._T_23	1322	3683	0	3	0.5708463841173774	1
._T_24	1322	3685	0	1	1	1
._T_25	1322	3685	0	1	1	1
._T_26	1322	3681	0	5	0.3345425457991664	0.8177706675090736
._T_27	1322	3685	0	1	1	1
._T_28	1322	3685	0	1	1	1
._T_29	1322	3685	0	1	1	1
._T_3	1322	3685	0	1	1	1
._T_30	1322	3685	0	1	1	1
._T_31	1322	3685	0	1	1	1
._T_32	1322	3683	0	3	0.5708463841173774	1
._T_33	1322	3685	0	1	1	1
._T_34	1322	3685	0	1	1	1
._T_35	1318	3686	4	0	0.004839674582090557	0.047321262580441004
._T_36	1321	3686	1	0	0.2639776357827379	0.676602872297503
._T_37	1322	3685	0	1	1	1
._T_38	1321	3686	1	0	0.2639776357827379	0.676602872297503
._T_39	1322	3685	0	1	1	1
._T_4	1321	3686	1	0	0.2639776357827379	0.676602872297503
._T_40	1321	3686	1	0	0.2639776357827379	0.676602872297503
._T_5	1322	3685	0	1	1	1
._T_6	1322	3683	0	3	0.5708463841173774	1
._T_7	1321	3686	1	0	0.2639776357827379	0.676602872297503
._T_8	1318	3686	4	0	0.004839674582090557	0.047321262580441004
._T_9	1322	3685	0	1	1	1
