1	115828711
1	115828861
1	115828864
1	115828998
1	115829074
1	115829082
1	115829095
1	115829125
1	115829133
1	115829178
1	115829203
1	115829215
1	115829232
1	115829244
1	115829257
1	115829262
1	115829277
1	115829278
1	115829289
1	115829313
1	115829374
1	155159325
1	155159348
1	155159717
1	155159718
1	155159773
1	155159798
1	155159932
1	155159944
1	155159959
1	155160049
1	155160253
1	155160254
1	155160270
1	155160278
1	155160698
1	155160730
1	155160787
1	155160805
1	155160813
1	155160910
1	155160941
1	155160997
1	155161024
1	155161036
1	155161042
1	155161069
1	155161081
1	155161084
1	155161087
1	155161714
1	155161739
1	155161849
1	155161934
1	155161955
1	243289852
1	243289956
1	243289992
1	243291578
1	243299462
1	243299494
1	243303286
1	243303325
1	243303399
1	243319562
1	243319563
1	243319611
1	243319616
1	243319625
1	243326459
1	243327639
1	243327736
1	243327912
1	243327915
1	243327936
1	243328031
1	243328041
1	243328194
1	243328249
1	243328368
1	243328441
1	243328554
1	243328574
1	243328635
1	243328842
1	243328858
1	243328932
1	243329038
1	243329160
1	243329178
1	243329215
1	243329296
1	243329349
1	243329389
1	243331713
1	243332838
1	243332878
1	243332978
1	243333056
1	243336085
1	243340112
1	243349281
1	243349352
1	243349421
1	243349467
1	243349478
1	243349488
1	243349494
1	243349499
1	243349655
1	243349668
1	243354449
1	243354452
1	243354548
1	243354567
1	243354569
1	243354574
1	243354622
1	243354673
1	243354743
1	243354791
1	243362418
1	243362490
1	243363906
1	243363912
1	243375234
1	243385102
1	243388061
1	243419498
1	243433457
1	243434296
1	243434309
1	243434337
1	243434356
1	243449671
1	243456406
1	243456418
1	243456708
1	243456735
1	243456771
1	243468312
1	243471328
1	243471334
1	243471383
1	243471415
1	243471416
1	243471457
1	243471467
1	243471475
1	243480074
1	243480091
1	243480113
1	243480130
1	243480149
1	243480191
1	243481338
1	243481345
1	243493867
1	243493894
1	243493907
1	243493931
1	243493950
1	243493966
1	243493975
1	243504395
1	243507540
1	243507569
1	243507574
1	243507583
1	243507589
1	243542036
1	243542050
1	243542074
1	243542141
1	243581281
1	243581375
1	243589761
1	243589767
1	243589808
1	243589850
1	26737892
1	26737979
1	26751933
1	26752831
1	26752863
1	26752893
1	26755586
1	26764735
1	26769346
1	26769349
1	26774159
1	26774173
1	26774179
1	26786627
1	26793859
1	26793863
1	26795437
1	26795473
1	26795537
1	26795582
1	26800309
1	26801067
1	43815035
1	43817942
1	43817961
1	43818201
1	43818385
1	43818429
1	43824089
1	43825243
1	43825477
1	43825484
1	43825697
1	43826040
1	43826221
1	43826247
1	43826252
1	43826429
1	43826568
1	43826794
1	43827866
1	43827924
1	43828717
1	43828733
1	43828736
1	43828736
1	43828739
1	43829640
1	43829760
1	43829790
1	43829806
1	43830089
1	43830459
1	43830673
1	43830937
1	43831012
1	43831268
1	43850140
1	43850182
1	43850183
1	43850210
1	43851663
1	43851688
1	43851708
1	43851729
1	43851811
1	43851865
1	43852278
1	43852669
1	43853230
1	43854084
1	43854091
1	43855653
1	43868903
1	43868947
1	43868957
1	43869314
1	43869375
1	43870115
1	43871969
1	43880849
1	43880879
1	43881653
1	43882214
