VarID	AF_AFR	AF_AMR	AF_EAS	AF_EUR	AF_SAS	ALT_AFR.x	ALT_AMR	ALT_EAS	ALT_EUR	ALT_SAS	REF_AFR.x	REF_AMR	REF_EAS	REF_EUR	REF_SAS	ALLELES_AFR	ALLELES_AMR	ALLELES_EAS	ALLELES_EUR	ALLELES_SAS	N_AFR	N_AMR	N_EAS	N_EUR	N_SAS	AF_nonAFR	DeltaAF	is_AFR_enriched	is_AFR_private	Location_key	Uploaded_variation	Location	Allele	Gene	Existing_variation	Conseq_terms	IMPACT	is_HIGH	p	FDR	ALT_AFR.y	REF_AFR.y	ALT_nonAFR	REF_nonAFR
._A_30	0.829803328290469	0.7853025936599424	0.8065476190476191	0.6769383697813122	0.5245398773006135	1097	545	813	681	513	225	149	195	325	465	1322	694	1008	1006	978	661	347	504	503	489	0.6983321149473718	0.1314712133430972	TRUE	FALSE	NA	1_243493907_A/T	NA	T	ENSG00000054282	-	NA	MODERATE	FALSE	3.035815884732247e-23	1.6029107871386266e-21	1097	225	2552	1134
._C_14	0.983358547655068	0.9985590778097982	1	1	1	1300	693	1008	1006	978	22	1	0	0	0	1322	694	1008	1006	978	661	347	504	503	489	0.9996397694524496	-0.01628122179738156	FALSE	FALSE	NA	1_43831268_C/T	NA	T	ENSG00000066322	-	NA	MODERATE	FALSE	2.853491783831882e-12	8.370242565906854e-11	1300	22	3685	1
._C_27	1	0.9913544668587896	0.9970238095238096	0.9880715705765408	0.9979550102249488	1322	688	1005	994	976	0	6	3	12	2	1322	694	1008	1006	978	661	347	504	503	489	0.9936012142960222	0.00639878570397778	FALSE	FALSE	NA	1_115829178_C/T	NA	T	ENSG00000134259	-	NA	MODERATE	FALSE	0.00135759020919395	0.01558277457509582	1322	0	3663	23
._C_28	0.975037821482602	1	1	0.9990059642147118	1	1289	694	1008	1005	978	33	0	0	1	0	1322	694	1008	1006	978	661	347	504	503	489	0.999751491053678	-0.0247136695710759	FALSE	FALSE	NA	1_115829203_C/T	NA	T	ENSG00000134259	-	NA	MODERATE	FALSE	1.5431003152162536e-18	5.819692617387014e-17	1289	33	3685	1
._C_3	0.9863842662632376	0.9985590778097982	1	1	1	1304	693	1008	1006	978	18	1	0	0	0	1322	694	1008	1006	978	661	347	504	503	489	0.9996397694524496	-0.01325550318921209	FALSE	FALSE	NA	1_26793863_C/G	NA	G	ENSG00000117682	-	NA	MODERATE	FALSE	5.084247589584764e-10	1.2202194215003436e-8	1304	18	3685	1
._C_36	0.9939485627836612	1	1	1	1	1314	694	1008	1006	978	8	0	0	0	0	1322	694	1008	1006	978	661	347	504	503	489	1	-0.00605143721633882	FALSE	FALSE	NA	1_155160049_C/T	NA	T	ENSG00000185499	-	NA	MODERATE	FALSE	2.321403539603788e-5	3.605003143855294e-4	1314	8	3686	0
._C_37	0.9568835098335856	0.9985590778097982	1	1	1	1265	693	1008	1006	978	57	1	0	0	0	1322	694	1008	1006	978	661	347	504	503	489	0.9996397694524496	-0.04275625961886409	FALSE	FALSE	NA	1_155160270_C/T	NA	T	ENSG00000185499	-	NA	MODERATE	FALSE	1.8800431865906867e-32	1.6544380041998044e-30	1265	57	3685	1
._C_38	1	0.9884726224783862	0.9990079365079364	0.9840954274353876	0.9979550102249488	1322	686	1007	990	976	0	8	1	16	2	1322	694	1008	1006	978	661	347	504	503	489	0.9923827491616648	0.00761725083833519	FALSE	FALSE	NA	1_155160941_C/T	NA	T	ENSG00000185499	-	NA	MODERATE	FALSE	5.567516064226827e-4	0.00773591705766253	1322	0	3659	27
._C_51	0.9856278366111952	1	1	1	1	1303	694	1008	1006	978	19	0	0	0	0	1322	694	1008	1006	978	661	347	504	503	489	1	-0.01437216338880487	FALSE	FALSE	NA	1_243327736_C/T	NA	T	ENSG00000143702	-	NA	MODERATE	FALSE	9.293586667439819e-12	2.4535068802041127e-10	1303	19	3686	0
._C_68	0.25718608169440244	0.16138328530259366	0.06646825396825397	0.12127236580516898	0.12576687116564417	340	112	67	122	123	982	582	941	884	855	1322	694	1008	1006	978	661	347	504	503	489	0.1187226940604152	0.13846338763398724	TRUE	FALSE	NA	1_243354791_C/T	NA	T	ENSG00000143702	-	NA	MODERATE	FALSE	3.2808534246979387e-32	2.1653632603006395e-30	340	982	424	3262
._C_7	1	0.9956772334293948	1	0.9860834990059644	0.9928425357873212	1322	691	1008	992	971	0	3	0	14	7	1322	694	1008	1006	978	661	347	504	503	489	0.99365081705567	0.00634918294432995	FALSE	FALSE	NA	1_43824089_C/T	NA	T	ENSG00000234694	-	NA	HIGH	TRUE	8.351868493487717e-4	0.01102446641140378	1322	0	3662	24
._C_80	0.9878971255673222	1	1	1	0.9989775051124744	1306	694	1008	1006	977	16	0	0	0	1	1322	694	1008	1006	978	661	347	504	503	489	0.9997443762781186	-0.01184725071079639	FALSE	FALSE	NA	1_243480113_C/T	NA	T	ENSG00000054282	-	NA	MODERATE	FALSE	6.661974426644206e-9	1.4656343738617252e-7	1306	16	3685	1
._G_12	0.9826021180030258	0.9985590778097982	1	1	1	1299	693	1008	1006	978	23	1	0	0	0	1322	694	1008	1006	978	661	347	504	503	489	0.9996397694524496	-0.01703765144942382	FALSE	FALSE	NA	1_26800309_G/A	NA	A	ENSG00000198830	-	NA	HIGH	TRUE	7.759969373249796e-13	2.5607898931724326e-11	1299	23	3685	1
._G_2	0.989409984871407	0.9985590778097982	1	1	1	1308	693	1008	1006	978	14	1	0	0	0	1322	694	1008	1006	978	661	347	504	503	489	0.9996397694524496	-0.01022978458104262	FALSE	FALSE	NA	1_26764735_G/A	NA	A	ENSG00000117682	-	NA	MODERATE	FALSE	8.59397497613981e-8	1.5125395958006067e-6	1308	14	3685	1
._G_20	1	0.9985590778097982	1	0.9960238568588468	0.98159509202454	1322	693	1008	1002	960	0	1	0	4	18	1322	694	1008	1006	978	661	347	504	503	489	0.9940445066732962	0.00595549332670375	FALSE	FALSE	NA	1_43826794_G/A	NA	A	ENSG00000117399	-	NA	MODERATE	FALSE	0.00135759020919395	0.01558277457509582	1322	0	3663	23
._G_48	0.8449319213313162	0.6772334293948127	0.8363095238095238	0.5437375745526839	0.8098159509202454	1117	470	843	547	792	205	224	165	459	186	1322	694	1008	1006	978	661	347	504	503	489	0.7167741196693165	0.12815780166199975	TRUE	FALSE	NA	1_115829313_G/A	NA	A	ENSG00000134259	-	NA	MODERATE	FALSE	9.77389219303888e-21	4.3005125649371076e-19	1117	205	2652	1034
._G_5	0.9901664145234492	1	1	1	1	1309	694	1008	1006	978	13	0	0	0	0	1322	694	1008	1006	978	661	347	504	503	489	1	-0.00983358547655066	FALSE	FALSE	NA	1_26774159_G/A	NA	A	ENSG00000117682	-	NA	MODERATE	FALSE	2.893592592522775e-8	5.456488888757233e-7	1309	13	3686	0
._G_63	0.9273827534039334	0.9942363112391932	1	1	1	1226	690	1008	1006	978	96	4	0	0	0	1322	694	1008	1006	978	661	347	504	503	489	0.9985590778097982	-0.07117632440586485	FALSE	FALSE	NA	1_155161714_G/A	NA	A	ENSG00000185499	-	NA	MODERATE	FALSE	2.712606216969633e-51	3.580640206399916e-49	1226	96	3682	4
._G_68	1	1	1	1	0.976482617586912	1322	694	1008	1006	955	0	0	0	0	23	1322	694	1008	1006	978	661	347	504	503	489	0.994120654396728	0.00587934560327196	FALSE	FALSE	NA	1_243327912_G/C	NA	C	ENSG00000143702	-	NA	MODERATE	FALSE	0.00135759020919395	0.01558277457509582	1322	0	3663	23
._G_74	0.9969742813918304	0.8904899135446686	1	0.9880715705765408	0.9969325153374232	1318	618	1008	994	975	4	76	0	12	3	1322	694	1008	1006	978	661	347	504	503	489	0.9688734998646582	0.02810078152717232	FALSE	FALSE	NA	1_243332978_G/T	NA	T	ENSG00000143702	-	NA	MODERATE	FALSE	2.1800235991292163e-8	4.427124847462408e-7	1318	4	3595	91
._G_75	0.9969742813918304	1	1	1	1	1318	694	1008	1006	978	4	0	0	0	0	1322	694	1008	1006	978	661	347	504	503	489	1	-0.00302571860816947	FALSE	FALSE	NA	1_243336085_G/C	NA	C	ENSG00000143702	-	NA	MODERATE	FALSE	0.00483967458209055	0.047321262580441	1318	4	3686	0
._G_81	0.903177004538578	0.9884726224783862	1	0.9990059642147118	1	1194	686	1008	1005	978	128	8	0	1	0	1322	694	1008	1006	978	661	347	504	503	489	0.9968696466732744	-0.09369264213469652	FALSE	FALSE	NA	1_243354673_G/A	NA	A	ENSG00000143702	-	NA	MODERATE	FALSE	2.3844541783719694e-64	6.2949590309019995e-62	1194	128	3677	9
._G_88	0.9969742813918304	1	1	1	1	1318	694	1008	1006	978	4	0	0	0	0	1322	694	1008	1006	978	661	347	504	503	489	1	-0.00302571860816947	FALSE	FALSE	NA	1_243471475_G/A	NA	A	ENSG00000054282	-	NA	MODERATE	FALSE	0.00483967458209055	0.047321262580441	1318	4	3686	0
._G_91	0.9947049924357034	1	1	1	1	1315	694	1008	1006	978	7	0	0	0	0	1322	694	1008	1006	978	661	347	504	503	489	1	-0.00529500756429657	FALSE	FALSE	NA	1_243493867_G/A	NA	A	ENSG00000054282	-	NA	MODERATE	FALSE	8.828394754036839e-5	0.00129483123059206	1315	7	3686	0
._T_18	0.9984871406959152	0.9711815561959656	0.9990079365079364	0.9662027833001988	0.99079754601227	1320	674	1007	972	969	2	20	1	34	9	1322	694	1008	1006	978	661	347	504	503	489	0.9817974555040928	0.01668968519182256	FALSE	FALSE	NA	1_243319611_T/C	NA	C	ENSG00000143702	-	NA	HIGH	TRUE	7.108999721635695e-7	1.1729849540698898e-5	1320	2	3622	64
._T_35	0.9969742813918304	1	1	1	1	1318	694	1008	1006	978	4	0	0	0	0	1322	694	1008	1006	978	661	347	504	503	489	1	-0.00302571860816947	FALSE	FALSE	NA	1_243456708_T/C	NA	C	ENSG00000054282	-	NA	MODERATE	FALSE	0.00483967458209055	0.047321262580441	1318	4	3686	0
._T_8	0.9969742813918304	1	1	1	1	1318	694	1008	1006	978	4	0	0	0	0	1322	694	1008	1006	978	661	347	504	503	489	1	-0.00302571860816947	FALSE	FALSE	NA	1_43851729_T/G	NA	G	ENSG00000159479	-	NA	MODERATE	FALSE	0.00483967458209055	0.047321262580441	1318	4	3686	0
